time_step,rpm,vibration_rms,sensor_temperature,oil_pressure,load_factor,acoustic_db,altitude_ft,risk_label
0,2524.84,2.06,77.22,36.82,0.5,64.69,0,False
1,2550.53,2.22,76.35,35.92,0.5,62.59,0,False
2,2413.75,2.2,76.39,35.75,0.5,62.99,0,False
3,2393.02,2.4,82.64,36.61,0.5,63.77,0,False
4,2469.97,2.07,76.95,36.32,0.5,63.08,0,False
5,2499.72,2.61,75.01,39.26,0.5,67.61,0,False
6,2536.92,2.1,77.89,34.89,0.5,65.75,0,False
7,2473.09,2.37,75.3,37.05,0.5,66.51,0,False
8,2458.04,1.95,76.95,37.57,0.5,63.55,0,False
9,2479.48,2.41,79.24,35.43,0.5,64.67,0,False
10,2518.07,3.2,80.66,35.54,0.5,65.59,0,False
11,2496.96,2.61,74.76,37.36,0.5,65.25,0,False
12,2573.89,2.32,76.58,36.02,0.5,65.65,0,False
13,2557.91,2.42,80.37,36.13,0.5,66.18,0,False
14,2480.39,1.69,74.72,36.77,0.5,62.58,0,False
15,6176.87,3.08,95.6,33.37,1.2,68.97,5000,False
16,6046.5,3.57,95.14,33.87,1.2,65.83,5300,False
17,6200.31,3.5,94.08,34.62,1.2,66.98,5600,False
18,6291.43,3.44,96.78,35.65,1.2,69.69,5900,False
19,6311.39,3.88,94.34,35.95,1.2,69.52,6200,True
20,6075.95,3.72,95.52,33.3,1.2,68.68,6500,False
21,6187.13,3.77,94.73,35.22,1.2,68.59,6800,False
22,6071.4,3.24,95.88,35.33,1.2,69.09,7100,False
23,6130.63,3.94,96.82,34.33,1.2,69.57,7400,True
24,6223.45,3.72,94.25,32.84,1.2,69.55,7700,False
25,6306.01,3.44,94.27,34.78,1.2,69.42,8000,False
26,6265.76,3.38,99.66,33.19,1.2,68.52,8300,False
27,6180.83,3.74,101.45,32.51,1.2,67.4,8600,False
28,6114.33,3.68,97.05,34.6,1.2,66.45,8900,False
29,6262.16,3.65,94.35,34.51,1.2,67.48,9200,False
30,4946.97,3.62,89.13,34.69,0.9,68.98,35000,False
31,5063.97,3.26,90.75,34.89,0.9,67.04,35000,False
32,5030.9,3.75,96.76,35.51,0.9,67.97,35000,False
33,5010.57,3.22,89.5,34.42,0.9,65.37,35000,False
34,5041.18,3.24,86.07,34.07,0.9,69.6,35000,False
35,5007.71,3.93,94.2,35.7,0.9,69.52,35000,False
36,4878.49,3.33,89.92,32.61,0.9,65.13,35000,False
37,5099.68,3.14,90.3,35.16,0.9,68.8,35000,False
38,5127.33,3.38,91.85,32.88,0.9,66.29,35000,False
39,5112.32,3.55,87.32,32.1,0.9,64.51,35000,False
40,4973.6,3.57,90.29,36.38,0.9,67.95,35000,False
41,5054.58,3.61,89.75,34.62,0.9,67.48,35000,False
42,5095.16,3.8,87.79,33.99,0.9,68.48,35000,False
43,4993.49,3.67,89.41,34.74,0.9,66.41,35000,True
44,4964.64,3.86,92.2,35.25,0.9,68.45,35000,False
45,5034.88,3.49,91.73,31.95,0.9,64.54,35000,False
46,5032.83,4.07,90.33,33.24,0.9,67.33,35000,False
47,5015.7,3.93,89.81,33.38,0.9,69.57,35000,True
48,5019.45,4.19,90.71,34.63,0.9,64.8,35000,False
49,4973.19,3.88,92.62,32.81,0.9,67.75,35000,False
50,5058.51,3.92,90.9,34.81,0.9,66.97,35000,False
51,5012.23,3.65,93.62,32.73,0.9,70.01,35000,True
52,5018.65,3.71,94.37,33.34,0.9,66.05,35000,True
53,4997.11,3.99,94.07,33.78,0.9,68.15,35000,False
54,5041.41,3.84,90.84,34.21,0.9,68.64,35000,False
55,5003.26,4.3,90.89,34.37,0.9,72.23,35000,False
56,5131.39,3.85,90.24,31.76,0.9,69.77,35000,True
57,4891.39,3.92,88.14,33.64,0.9,69.78,35000,True
58,4920.79,3.84,95.74,32.73,0.9,68.27,35000,False
59,4934.16,3.95,92.74,30.51,0.9,66.09,35000,False
60,4200.37,3.57,88.64,31.76,0.75,64.4,20000,False
61,4237.48,3.6,86.99,33.54,0.75,71.3,19500,False
62,4282.55,3.97,88.89,33.41,0.75,65.89,19000,True
63,4181.16,3.91,91.84,32.76,0.75,67.14,18500,True
64,4274.09,3.96,85.44,33.01,0.75,68.32,18000,False
65,4048.04,3.76,91.03,33.08,0.75,69.12,17500,False
66,4226.88,4.04,89.1,31.6,0.75,67.83,17000,True
67,4194.73,3.88,87.07,33.74,0.75,67.18,16500,False
68,4131.0,3.55,90.38,32.38,0.75,64.24,16000,False
69,4186.59,3.8,89.27,33.4,0.75,70.01,15500,True
70,4192.14,3.62,89.13,33.42,0.75,66.15,15000,False
71,4114.04,3.25,88.42,33.64,0.75,64.52,14500,False
72,4415.52,4.29,92.01,30.28,0.75,66.97,14000,False
73,4136.68,3.67,87.76,31.91,0.75,66.64,13500,False
74,4318.1,3.7,91.75,32.63,0.75,72.14,13000,False
75,4271.02,3.75,89.32,33.97,0.75,64.88,12500,False
76,4102.1,3.76,91.32,31.9,0.75,66.76,12000,False
77,4171.06,4.09,85.3,32.86,0.75,68.0,11500,False
78,4159.63,4.06,91.92,32.63,0.75,72.2,11000,True
79,4313.37,3.74,89.38,32.65,0.75,62.0,10500,True
80,3015.58,3.29,85.05,33.04,0.6,72.15,0,True
81,2903.34,3.75,85.76,33.83,0.6,69.03,0,False
82,2851.7,3.6,85.47,32.76,0.6,68.17,0,False
83,3094.81,3.8,85.98,32.3,0.6,66.96,0,False
84,3017.39,3.57,91.42,33.52,0.6,66.65,0,False
85,3078.06,3.47,89.47,30.94,0.6,66.96,0,False
86,3049.76,3.46,83.04,32.76,0.6,67.25,0,True
87,3034.14,4.0,88.58,33.39,0.6,68.17,0,False
88,2972.44,4.06,85.96,32.77,0.6,67.43,0,False
89,3049.75,3.62,90.33,31.89,0.6,66.13,0,False
90,3052.18,3.34,90.56,32.55,0.6,64.56,0,False
91,2969.23,3.15,86.17,32.41,0.6,71.59,0,False
92,3006.56,3.81,89.5,32.62,0.6,68.13,0,False
93,2931.61,3.77,88.51,32.04,0.6,69.11,0,True
94,3003.34,3.64,90.42,31.95,0.6,69.42,0,True
95,2965.03,3.21,90.03,31.81,0.6,67.67,0,True
96,2979.85,3.53,91.76,31.84,0.6,67.04,0,False
97,2920.85,3.34,90.67,30.93,0.6,67.72,0,False
98,2983.87,3.84,86.39,32.06,0.6,66.32,0,False
99,3008.96,3.9,88.47,34.42,0.6,65.59,0,True
100,2487.25,3.18,89.29,30.87,0.5,64.01,0,True
101,2510.19,3.86,86.08,32.89,0.5,65.06,0,True
102,2546.78,3.58,89.02,31.28,0.5,67.35,0,True
103,2493.48,3.69,85.87,32.78,0.5,65.5,0,False
104,2481.95,3.6,88.99,30.98,0.5,63.85,0,False
105,2588.23,3.61,84.28,33.18,0.5,63.71,0,True
106,2435.98,3.34,90.37,31.27,0.5,68.62,0,False
107,2498.45,3.98,91.27,31.15,0.5,67.12,0,False
108,2500.92,3.42,87.75,32.28,0.5,70.85,0,False
109,2535.88,4.25,90.39,30.67,0.5,69.51,0,False
110,2407.96,3.74,84.68,31.83,0.5,64.61,0,True
111,2529.05,3.66,90.01,32.16,0.5,63.81,0,True
112,2524.67,4.04,87.79,30.02,0.5,68.08,0,False
113,2467.06,3.95,86.81,31.67,0.5,67.23,0,True
114,2468.65,4.03,91.23,31.98,0.5,65.88,0,False
115,6274.36,5.13,102.56,30.36,1.2,70.5,5000,False
116,6244.78,5.08,107.47,29.88,1.2,67.1,5300,False
117,6195.37,5.23,107.05,29.64,1.2,70.02,5600,False
118,6196.84,5.09,106.89,30.02,1.2,67.38,5900,True
119,6240.08,5.56,103.56,28.82,1.2,71.4,6200,True
120,6315.76,5.51,106.17,29.3,1.2,68.31,6500,True
121,6246.84,5.3,107.33,30.17,1.2,69.23,6800,True
122,6383.91,4.93,105.32,27.12,1.2,68.12,7100,True
123,6263.49,5.07,104.17,26.87,1.2,67.73,7400,False
124,6278.75,5.94,105.91,28.07,1.2,74.22,7700,True
125,6329.69,5.25,105.45,29.21,1.2,69.26,8000,True
126,6313.64,5.51,105.5,28.2,1.2,69.61,8300,True
127,6143.71,5.43,105.12,28.14,1.2,72.03,8600,True
128,6222.87,5.23,107.63,28.52,1.2,66.97,8900,True
129,6099.41,5.43,105.45,29.03,1.2,68.73,9200,True
130,4999.01,5.39,102.18,29.49,0.9,73.43,35000,True
131,4932.09,5.17,100.45,30.0,0.9,71.18,35000,False
132,5049.23,5.41,101.15,30.52,0.9,69.52,35000,False
133,5028.83,4.97,99.55,28.21,0.9,70.92,35000,False
134,5001.72,5.4,103.02,27.33,0.9,70.84,35000,True
135,5005.4,5.27,103.63,29.0,0.9,69.75,35000,True
136,4994.28,5.29,101.36,29.06,0.9,70.2,35000,True
137,4975.72,5.51,97.36,28.08,0.9,71.27,35000,False
138,4966.46,5.26,101.91,26.44,0.9,71.98,35000,True
139,5064.8,5.31,98.87,29.03,0.9,72.58,35000,True
140,5014.63,5.3,100.38,27.15,0.9,70.38,35000,True
141,5038.0,5.34,103.47,27.5,0.9,69.35,35000,True
142,4924.91,5.51,104.74,28.1,0.9,71.56,35000,True
143,4986.2,5.58,102.94,27.1,0.9,71.81,35000,True
144,5011.79,5.21,103.61,27.91,0.9,71.17,35000,True
145,4954.56,5.47,100.88,26.28,0.9,72.07,35000,True
146,4973.23,5.46,98.75,27.1,0.9,75.87,35000,True
147,4970.25,5.65,103.45,27.67,0.9,70.16,35000,True
148,4999.78,5.7,100.56,29.39,0.9,69.65,35000,True
149,5002.26,5.42,102.7,27.72,0.9,68.71,35000,True
150,4965.73,5.68,104.39,26.63,0.9,74.99,35000,True
151,5021.48,5.93,102.26,27.46,0.9,73.77,35000,True
152,5124.52,5.63,102.22,27.46,0.9,69.2,35000,True
153,4968.24,5.67,109.7,26.23,0.9,72.86,35000,False
154,5002.28,5.61,104.19,27.29,0.9,73.41,35000,True
155,4993.36,5.54,100.39,25.43,0.9,75.08,35000,True
156,5064.72,5.4,104.22,26.33,0.9,72.41,35000,True
157,5010.76,6.02,107.22,27.22,0.9,70.66,35000,True
158,4966.98,5.91,103.3,26.44,0.9,68.53,35000,True
159,4996.97,5.93,100.34,25.49,0.9,72.5,35000,True
160,4109.37,5.21,103.55,26.74,0.75,66.23,20000,True
161,4217.79,5.32,102.69,26.09,0.75,71.67,19500,True
162,4177.49,5.77,105.72,28.14,0.75,70.93,19000,True
163,4226.58,5.55,101.83,26.63,0.75,69.02,18500,False
164,4205.5,5.77,97.91,27.13,0.75,71.28,18000,True
165,4276.01,5.89,100.33,25.65,0.75,73.07,17500,True
166,4156.34,5.91,106.07,25.59,0.75,71.76,17000,True
167,4340.24,5.88,101.52,26.61,0.75,72.66,16500,True
168,4244.71,5.66,100.3,26.63,0.75,73.34,16000,True
169,4182.33,5.95,103.88,24.56,0.75,70.04,15500,True
170,4241.82,6.23,104.32,25.9,0.75,72.7,15000,True
171,4127.99,5.47,100.39,25.26,0.75,74.04,14500,True
172,4155.27,5.93,100.3,25.45,0.75,74.03,14000,True
173,4307.38,6.22,103.07,25.7,0.75,72.39,13500,True
174,4102.73,6.45,99.66,26.88,0.75,74.26,13000,True
175,4240.28,6.01,102.44,25.96,0.75,73.13,12500,True
176,4081.49,6.1,102.75,25.53,0.75,68.38,12000,True
177,4227.78,5.51,101.74,26.02,0.75,70.71,11500,True
178,4207.38,5.94,100.28,25.21,0.75,74.68,11000,True
179,4194.74,5.93,103.89,27.36,0.75,72.63,10500,True
180,2957.88,5.77,97.87,26.3,0.6,71.0,0,True
181,3045.08,5.37,100.81,28.42,0.6,69.09,0,True
182,2949.88,5.61,103.49,25.87,0.6,70.52,0,True
183,3027.21,5.91,101.65,25.06,0.6,72.37,0,True
184,2994.7,5.6,104.36,25.83,0.6,68.33,0,True
185,2885.21,5.33,99.81,24.98,0.6,71.78,0,True
186,2965.1,5.34,97.17,26.4,0.6,69.17,0,True
187,3002.01,5.53,101.26,27.06,0.6,75.29,0,True
188,3073.66,5.7,96.78,28.55,0.6,70.88,0,True
189,3103.61,5.69,97.22,25.69,0.6,71.55,0,True
190,2955.87,5.35,101.67,25.19,0.6,70.85,0,True
191,3046.8,5.57,97.7,26.07,0.6,71.87,0,True
192,3042.49,5.25,101.11,25.71,0.6,69.08,0,True
193,2985.67,5.09,97.5,28.76,0.6,67.93,0,True
194,2999.64,5.4,100.88,27.06,0.6,69.93,0,True
195,3069.98,5.67,100.34,26.09,0.6,70.87,0,True
196,3032.19,5.52,97.4,26.77,0.6,70.6,0,True
197,3011.85,5.43,104.13,25.95,0.6,71.92,0,True
198,2936.09,5.61,98.59,26.65,0.6,67.61,0,True
199,2961.21,5.29,99.77,27.14,0.6,68.01,0,True
200,2489.33,5.19,99.68,26.49,0.5,69.64,0,True
201,2464.66,5.14,96.73,25.37,0.5,72.1,0,True
202,2372.3,5.26,98.57,27.89,0.5,69.5,0,True
203,2441.45,5.5,98.46,26.87,0.5,70.66,0,True
204,2472.69,5.08,97.48,26.87,0.5,66.23,0,True
205,2603.03,5.36,94.31,28.07,0.5,68.99,0,True
206,2431.4,5.38,93.47,27.11,0.5,73.05,0,True
207,2443.96,5.54,96.52,28.31,0.5,73.52,0,True
208,2565.09,5.06,99.82,26.96,0.5,70.29,0,True
209,2586.11,5.25,97.17,26.1,0.5,73.09,0,True
210,2560.02,5.24,95.39,26.46,0.5,71.05,0,True
211,2464.61,5.65,97.91,25.65,0.5,70.29,0,True
212,2566.41,5.21,97.81,26.94,0.5,73.33,0,True
213,2589.96,5.45,94.99,27.46,0.5,70.49,0,True
214,2447.76,5.46,92.77,27.05,0.5,69.95,0,True
215,6173.48,6.79,111.52,25.1,1.2,74.1,5000,True
216,6186.63,6.87,114.77,24.66,1.2,75.51,5300,True
217,6258.76,6.59,114.85,24.71,1.2,73.02,5600,True
218,6157.71,6.68,115.37,25.52,1.2,77.95,5900,True
219,6286.03,6.75,117.82,25.13,1.2,75.3,6200,True
220,6188.92,6.77,111.75,23.87,1.2,76.12,6500,True
221,6166.18,6.92,115.64,24.29,1.2,71.61,6800,True
222,6189.28,6.2,114.23,23.69,1.2,71.49,7100,True
223,6134.37,6.02,112.57,25.39,1.2,72.72,7400,True
224,6086.53,6.82,110.68,24.23,1.2,74.0,7700,True
225,6133.14,6.37,114.45,26.66,1.2,76.52,8000,True
226,6281.93,6.59,115.39,26.11,1.2,75.42,8300,True
227,6148.06,6.75,108.65,24.37,1.2,71.73,8600,True
228,6193.39,6.61,113.96,25.38,1.2,76.95,8900,True
229,6113.86,6.46,116.49,26.0,1.2,69.05,9200,True
230,4970.67,6.02,104.46,26.47,0.9,68.26,35000,True
231,5010.22,6.12,108.77,25.33,0.9,73.05,35000,True
232,4929.8,6.19,100.96,25.32,0.9,66.65,35000,True
233,4990.35,5.89,107.41,26.1,0.9,70.63,35000,True
234,4993.99,6.25,106.29,25.48,0.9,70.83,35000,True
235,4944.63,6.14,105.65,25.8,0.9,70.03,35000,True
236,5044.21,6.24,106.14,25.79,0.9,73.89,35000,True
237,5005.8,5.94,108.47,24.59,0.9,73.01,35000,True
238,5027.99,5.97,106.63,25.38,0.9,71.09,35000,True
239,4967.49,6.82,108.74,25.4,0.9,73.95,35000,True
240,4950.34,5.83,106.87,25.64,0.9,70.77,35000,True
241,5120.6,6.23,105.28,27.1,0.9,72.56,35000,True
242,4961.24,6.44,105.1,24.93,0.9,70.0,35000,True
243,5005.7,6.3,105.98,26.02,0.9,72.53,35000,True
244,5052.99,5.94,106.54,25.69,0.9,73.96,35000,True
245,5030.33,6.23,103.04,26.06,0.9,75.19,35000,True
246,4973.16,5.85,109.26,25.82,0.9,73.67,35000,True
247,5039.38,6.3,106.17,25.15,0.9,71.57,35000,True
248,4942.69,5.96,107.55,25.9,0.9,72.31,35000,True
249,5014.47,6.16,107.23,26.85,0.9,75.19,35000,True
250,4988.77,6.17,108.67,25.43,0.9,75.93,35000,True
251,5013.44,6.32,105.09,25.97,0.9,73.25,35000,True
252,4939.61,6.11,108.98,27.01,0.9,72.03,35000,True
253,4865.6,5.91,107.79,25.13,0.9,71.0,35000,True
254,5096.92,5.82,106.06,26.94,0.9,71.43,35000,False
255,5073.51,5.99,107.44,26.89,0.9,69.74,35000,True
256,5017.0,6.05,106.18,26.48,0.9,74.84,35000,True
257,5060.75,5.86,108.76,26.42,0.9,73.05,35000,True
258,5024.59,5.93,106.22,25.85,0.9,68.46,35000,True
259,4863.38,6.11,107.21,25.51,0.9,70.33,35000,True
260,4223.24,5.8,103.33,26.9,0.75,71.99,20000,True
261,4222.19,5.78,104.73,26.81,0.75,70.78,19500,True
262,4225.71,5.44,106.63,25.85,0.75,67.66,19000,True
263,4254.55,6.14,103.81,27.05,0.75,72.71,18500,True
264,4192.69,5.92,102.61,25.68,0.75,70.37,18000,True
265,4202.52,6.06,103.48,26.8,0.75,77.5,17500,True
266,4154.21,6.11,99.29,26.38,0.75,76.42,17000,True
267,4122.09,6.07,100.92,25.18,0.75,72.2,16500,True
268,4351.97,6.32,102.6,26.76,0.75,77.22,16000,True
269,4207.49,5.35,102.07,25.93,0.75,66.57,15500,True
270,4094.67,5.81,104.47,26.16,0.75,73.8,15000,True
271,4159.57,5.84,103.7,25.37,0.75,71.29,14500,True
272,4177.67,5.89,101.36,27.23,0.75,70.98,14000,True
273,4154.3,5.84,104.61,26.92,0.75,74.74,13500,True
274,4166.19,5.92,103.24,25.54,0.75,70.43,13000,True
275,4224.0,5.83,101.17,27.67,0.75,70.68,12500,True
276,4184.26,6.2,101.65,27.31,0.75,74.76,12000,True
277,4078.62,6.05,103.36,26.53,0.75,73.37,11500,True
278,4119.94,5.45,103.17,25.5,0.75,76.25,11000,True
279,4166.0,6.07,99.03,27.01,0.75,74.72,10500,True
280,2961.23,5.25,102.75,25.51,0.6,69.97,0,True
281,3086.01,5.36,95.56,24.76,0.6,73.05,0,True
282,3061.95,5.46,101.45,25.39,0.6,68.99,0,True
283,2974.19,5.79,96.37,26.45,0.6,70.16,0,True
284,3057.89,5.99,102.43,26.14,0.6,71.89,0,True
285,2931.2,5.58,99.0,25.5,0.6,70.44,0,True
286,2984.47,5.47,102.4,26.83,0.6,71.42,0,True
287,3054.24,5.15,96.12,27.13,0.6,66.22,0,True
288,3103.95,5.48,103.66,27.83,0.6,68.83,0,True
289,2947.6,5.27,96.68,26.66,0.6,71.52,0,True
290,2935.64,5.43,99.68,28.93,0.6,71.44,0,True
291,3053.97,5.2,98.3,26.57,0.6,69.26,0,True
292,3015.22,5.41,100.14,26.88,0.6,69.5,0,True
293,3052.39,5.22,98.95,26.59,0.6,71.23,0,True
294,2893.62,5.62,101.72,25.87,0.6,71.73,0,True
295,2854.82,5.37,101.59,27.01,0.6,73.72,0,False
296,2988.16,5.79,98.9,26.4,0.6,71.3,0,True
297,3060.21,5.46,103.11,27.55,0.6,73.12,0,True
298,2941.7,5.26,96.44,25.92,0.6,69.44,0,True
299,3051.4,5.7,100.23,27.02,0.6,70.2,0,True
300,2559.45,2.16,78.92,36.71,0.5,62.68,0,False
301,2498.8,2.2,77.12,36.61,0.5,64.12,0,False
302,2405.32,2.67,77.93,36.5,0.5,64.97,0,False
303,2504.13,2.14,75.5,37.37,0.5,63.03,0,False
304,2541.47,1.96,77.11,36.37,0.5,64.08,0,False
305,2501.16,2.42,75.79,36.51,0.5,66.84,0,False
306,2590.03,2.09,79.98,37.28,0.5,65.86,0,False
307,2527.97,2.36,75.19,35.76,0.5,66.5,0,False
308,2465.26,2.17,76.68,36.52,0.5,66.24,0,False
309,2448.36,2.6,75.78,36.23,0.5,63.64,0,False
310,2476.19,2.29,79.25,37.44,0.5,64.12,0,False
311,2537.8,2.84,77.37,38.07,0.5,63.03,0,False
312,2548.27,2.09,79.97,37.56,0.5,64.58,0,False
313,2485.77,2.3,78.32,33.66,0.5,64.63,0,False
314,2472.47,2.64,75.08,36.17,0.5,64.48,0,False
315,6238.6,3.68,94.49,35.35,1.2,70.56,5000,False
316,6230.11,3.85,93.25,33.01,1.2,70.8,5300,False
317,6139.09,3.21,93.32,32.62,1.2,66.65,5600,False
318,6181.71,3.77,93.11,31.94,1.2,67.39,5900,False
319,6201.2,3.64,99.17,35.38,1.2,65.84,6200,False
320,6235.08,3.55,95.22,34.5,1.2,69.06,6500,False
321,6140.62,3.24,97.21,34.96,1.2,67.84,6800,False
322,6071.93,3.38,93.63,33.46,1.2,70.11,7100,False
323,6191.4,3.63,96.44,34.01,1.2,65.97,7400,False
324,6169.98,3.73,94.82,35.59,1.2,68.1,7700,False
325,6170.43,3.85,93.2,34.77,1.2,67.23,8000,False
326,6278.99,3.42,95.48,33.93,1.2,66.92,8300,False
327,6246.77,3.75,94.67,34.88,1.2,66.27,8600,False
328,6023.05,3.59,98.91,32.75,1.2,68.07,8900,False
329,6229.69,3.81,96.06,33.49,1.2,64.39,9200,False
330,5011.38,3.48,87.26,34.18,0.9,67.01,35000,False
331,5034.33,3.06,88.53,33.74,0.9,67.77,35000,False
332,4942.61,3.35,89.76,36.2,0.9,67.94,35000,False
333,4987.55,3.12,87.55,35.05,0.9,67.66,35000,False
334,4973.8,3.2,88.92,34.86,0.9,64.89,35000,False
335,4906.02,3.0,86.48,34.71,0.9,66.29,35000,False
336,4888.01,3.51,91.3,32.83,0.9,69.78,35000,False
337,4925.31,3.45,86.34,34.57,0.9,66.51,35000,False
338,5006.35,3.62,90.68,36.93,0.9,65.63,35000,False
339,5057.47,3.42,92.45,33.88,0.9,59.89,35000,False
340,4924.86,3.4,90.46,34.63,0.9,66.82,35000,False
341,5042.58,3.79,88.89,35.16,0.9,69.06,35000,False
342,4893.28,3.69,90.6,31.51,0.9,65.91,35000,False
343,4938.61,3.75,92.5,33.76,0.9,69.77,35000,False
344,5071.65,3.49,88.22,32.83,0.9,69.91,35000,False
345,4896.79,3.66,93.89,34.39,0.9,66.19,35000,False
346,5039.03,3.87,87.39,34.66,0.9,67.82,35000,False
347,4942.63,3.87,92.67,34.62,0.9,67.58,35000,False
348,5039.96,3.53,91.45,34.29,0.9,64.47,35000,False
349,4926.67,3.88,92.83,34.33,0.9,67.93,35000,False
350,4934.5,3.49,90.05,35.08,0.9,66.85,35000,False
351,5027.29,4.04,91.31,35.41,0.9,68.16,35000,False
352,5029.52,3.48,89.98,33.26,0.9,64.72,35000,False
353,4939.27,3.91,89.83,34.59,0.9,71.68,35000,False
354,4977.84,3.49,91.52,32.33,0.9,69.48,35000,False
355,4909.09,3.7,89.97,32.68,0.9,69.26,35000,False
356,4933.01,3.9,93.92,33.17,0.9,70.57,35000,False
357,5068.8,3.7,94.6,32.98,0.9,66.34,35000,False
358,5020.63,3.49,91.58,33.29,0.9,70.02,35000,False
359,4963.2,3.41,89.58,32.33,0.9,65.49,35000,False
360,4135.47,3.59,86.15,33.94,0.75,67.01,20000,True
361,4213.0,3.92,91.27,34.68,0.75,69.87,19500,False
362,4121.42,3.54,86.55,33.71,0.75,70.42,19000,False
363,4250.73,3.6,88.59,33.05,0.75,63.94,18500,False
364,4278.7,3.47,87.95,33.18,0.75,67.57,18000,False
365,4213.28,3.56,92.08,33.28,0.75,66.94,17500,False
366,4109.54,3.75,90.22,33.77,0.75,66.11,17000,False
367,4139.06,3.62,92.37,34.76,0.75,69.23,16500,True
368,4234.98,3.39,90.02,33.29,0.75,69.62,16000,False
369,4247.69,3.61,88.82,33.18,0.75,68.76,15500,False
370,4144.98,4.03,86.55,33.61,0.75,72.34,15000,False
371,4147.46,3.26,86.2,33.45,0.75,66.89,14500,True
372,4161.53,3.62,91.26,32.86,0.75,68.83,14000,True
373,4198.84,3.57,93.16,32.1,0.75,66.15,13500,True
374,4255.33,3.69,90.45,33.07,0.75,65.36,13000,False
375,4121.8,3.97,85.59,33.73,0.75,67.0,12500,False
376,4238.42,3.6,89.49,31.26,0.75,68.62,12000,False
377,4200.63,3.36,92.24,31.17,0.75,66.75,11500,False
378,4264.53,3.84,91.19,34.11,0.75,65.46,11000,False
379,4225.13,4.12,88.26,32.57,0.75,71.73,10500,True
380,2957.43,3.56,84.18,31.33,0.6,64.28,0,True
381,3035.99,3.4,85.33,32.91,0.6,67.69,0,False
382,2904.84,3.82,83.15,33.8,0.6,67.64,0,False
383,2922.17,4.13,88.12,32.94,0.6,66.42,0,True
384,2946.28,3.48,86.31,31.35,0.6,66.69,0,False
385,3010.61,3.44,87.14,34.61,0.6,68.8,0,False
386,3016.84,3.74,90.86,32.87,0.6,63.31,0,False
387,2988.79,3.59,88.11,32.39,0.6,69.22,0,True
388,3074.25,3.64,86.64,33.37,0.6,68.26,0,True
389,3002.66,3.53,87.27,32.08,0.6,69.75,0,False
390,2887.41,3.36,89.0,30.85,0.6,66.35,0,False
391,2962.94,3.96,90.44,32.06,0.6,72.14,0,True
392,3035.93,4.11,89.3,32.63,0.6,69.71,0,False
393,3037.44,4.15,90.21,31.45,0.6,69.37,0,True
394,3017.79,3.92,89.09,33.56,0.6,69.4,0,False
395,3018.64,3.49,88.08,31.08,0.6,68.85,0,True
396,2934.62,4.0,86.8,31.86,0.6,65.25,0,True
397,3001.86,3.72,90.78,33.07,0.6,68.63,0,True
398,2934.48,3.46,90.35,33.02,0.6,65.29,0,False
399,2963.43,4.0,85.61,32.91,0.6,69.07,0,False
400,2465.16,3.45,87.43,33.55,0.5,65.99,0,True
401,2496.68,3.84,85.7,31.53,0.5,67.82,0,False
402,2533.96,3.91,85.87,31.72,0.5,66.89,0,False
403,2532.23,3.56,88.91,32.33,0.5,67.75,0,False
404,2449.17,4.06,86.22,31.3,0.5,64.49,0,False
405,2532.03,3.96,89.49,32.91,0.5,71.96,0,False
406,2512.47,4.26,89.03,31.29,0.5,65.8,0,False
407,2472.34,3.96,86.65,30.25,0.5,68.2,0,False
408,2531.28,3.84,88.95,31.01,0.5,70.06,0,True
409,2558.56,3.56,87.3,32.72,0.5,69.28,0,False
410,2462.88,3.57,86.44,31.92,0.5,66.34,0,False
411,2591.0,4.26,88.57,32.33,0.5,69.53,0,False
412,2502.18,3.64,88.76,31.12,0.5,63.98,0,False
413,2526.94,4.22,84.27,30.57,0.5,68.15,0,False
414,2443.47,3.89,89.11,31.53,0.5,65.99,0,False
415,6279.68,5.25,106.06,30.35,1.2,70.26,5000,True
416,6158.69,5.3,105.22,29.4,1.2,69.26,5300,True
417,6185.78,5.18,102.28,27.33,1.2,69.44,5600,False
418,6103.74,5.14,103.79,28.38,1.2,73.02,5900,True
419,6108.91,5.34,105.26,29.77,1.2,69.92,6200,True
420,6197.48,5.65,104.46,29.1,1.2,71.77,6500,True
421,6114.96,5.5,103.45,27.9,1.2,70.95,6800,True
422,6273.23,5.09,105.36,26.35,1.2,71.25,7100,False
423,6331.29,5.63,105.8,29.81,1.2,71.53,7400,False
424,6177.69,5.83,108.49,28.43,1.2,65.01,7700,False
425,6082.49,5.66,106.43,27.89,1.2,67.4,8000,False
426,6180.53,5.53,106.56,27.07,1.2,70.35,8300,True
427,6414.77,5.78,103.15,27.33,1.2,72.37,8600,True
428,6152.89,5.62,105.86,27.7,1.2,72.0,8900,False
429,6184.73,5.3,107.03,27.5,1.2,72.99,9200,True
430,5070.78,5.34,100.81,27.86,0.9,69.32,35000,False
431,4959.39,5.3,101.21,30.09,0.9,71.97,35000,True
432,4874.78,5.41,99.64,28.62,0.9,69.51,35000,False
433,4956.03,5.21,104.19,28.5,0.9,67.99,35000,True
434,4968.43,5.15,103.97,27.34,0.9,75.11,35000,False
435,5013.29,5.34,100.08,28.41,0.9,69.66,35000,True
436,4982.75,4.97,102.15,27.96,0.9,70.44,35000,True
437,4946.39,5.26,104.22,29.59,0.9,69.28,35000,True
438,4956.14,5.6,103.48,28.18,0.9,69.92,35000,True
439,4990.03,5.49,105.23,27.27,0.9,68.57,35000,True
440,5005.51,5.66,102.86,26.41,0.9,68.98,35000,False
441,5068.81,5.67,103.21,26.82,0.9,69.38,35000,False
442,5052.56,5.29,105.68,26.4,0.9,70.37,35000,True
443,4952.04,5.27,101.98,26.49,0.9,71.14,35000,False
444,5005.11,6.13,97.13,27.12,0.9,73.9,35000,True
445,5048.96,5.83,104.43,28.04,0.9,69.42,35000,True
446,5055.93,5.61,103.01,27.9,0.9,69.02,35000,True
447,5055.44,5.24,101.99,27.45,0.9,73.9,35000,True
448,4885.26,5.38,103.71,26.89,0.9,71.01,35000,False
449,4939.48,6.04,105.73,28.95,0.9,73.7,35000,False
450,4900.71,5.86,102.29,27.45,0.9,72.08,35000,True
451,4945.28,5.62,104.7,27.27,0.9,75.4,35000,True
452,5015.47,5.83,102.1,27.21,0.9,70.79,35000,True
453,4991.24,5.8,101.73,25.25,0.9,72.91,35000,True
454,5064.96,5.38,104.02,26.24,0.9,73.06,35000,True
455,4968.88,5.7,105.0,27.71,0.9,71.27,35000,True
456,5072.02,5.78,104.4,24.15,0.9,72.38,35000,True
457,4988.79,6.47,106.18,26.27,0.9,71.9,35000,True
458,5027.21,6.45,103.72,26.71,0.9,72.63,35000,True
459,4957.61,6.14,106.22,25.9,0.9,71.03,35000,True
460,4281.14,5.43,101.62,27.86,0.75,69.94,20000,True
461,4179.78,6.14,104.78,26.23,0.75,70.92,19500,True
462,4222.22,5.56,101.98,26.01,0.75,71.43,19000,True
463,4271.27,5.84,103.54,27.58,0.75,74.54,18500,True
464,4214.16,6.31,106.21,25.65,0.75,72.03,18000,True
465,4219.18,6.2,102.49,26.88,0.75,71.97,17500,True
466,4196.04,6.07,105.39,24.39,0.75,71.68,17000,True
467,4194.01,5.72,105.97,27.46,0.75,69.09,16500,True
468,4190.93,5.92,104.11,25.81,0.75,74.4,16000,True
469,4276.14,5.64,103.84,25.43,0.75,69.22,15500,True
470,4118.68,6.25,102.38,25.67,0.75,70.81,15000,True
471,4184.27,5.98,100.68,25.78,0.75,70.95,14500,True
472,4190.24,5.92,104.43,25.63,0.75,71.12,14000,True
473,4194.29,6.15,101.6,26.25,0.75,71.29,13500,True
474,4202.89,5.65,103.84,27.08,0.75,70.81,13000,True
475,4254.6,5.85,105.37,25.56,0.75,73.01,12500,True
476,4192.25,6.07,101.16,25.37,0.75,72.11,12000,True
477,4153.98,5.29,104.3,26.4,0.75,68.21,11500,True
478,4157.54,5.68,103.86,24.8,0.75,74.76,11000,True
479,4139.45,5.66,106.09,26.68,0.75,69.05,10500,True
480,2939.87,5.67,97.7,25.45,0.6,72.37,0,True
481,3058.38,5.35,100.16,28.0,0.6,68.41,0,True
482,3053.58,5.45,102.86,24.77,0.6,68.27,0,True
483,3106.0,5.59,101.49,27.53,0.6,72.26,0,True
484,2942.86,5.63,97.85,26.2,0.6,70.35,0,True
485,3053.68,5.75,102.45,24.88,0.6,75.15,0,True
486,2955.88,5.64,100.64,25.28,0.6,69.66,0,True
487,3042.6,5.6,101.35,26.31,0.6,66.96,0,True
488,2974.93,5.45,95.15,26.28,0.6,71.04,0,True
489,2983.64,5.28,98.11,26.82,0.6,70.71,0,True
490,3011.08,5.31,101.08,26.6,0.6,71.01,0,True
491,2952.13,5.41,97.06,25.6,0.6,72.9,0,True
492,3036.19,5.81,99.8,27.76,0.6,71.38,0,True
493,3015.16,5.22,100.51,27.81,0.6,73.91,0,True
494,2945.72,4.99,101.55,27.31,0.6,68.46,0,True
495,3017.23,5.57,98.44,25.3,0.6,69.63,0,True
496,3070.21,5.68,99.47,29.37,0.6,71.55,0,True
497,2949.5,5.33,96.42,26.32,0.6,69.43,0,True
498,3085.11,5.39,94.22,27.61,0.6,69.14,0,True
499,2902.04,5.37,97.62,25.68,0.6,71.39,0,True
500,2555.04,5.35,98.82,27.98,0.5,72.19,0,True
501,2571.97,4.92,95.78,27.95,0.5,70.55,0,True
502,2497.3,5.12,94.74,26.99,0.5,72.6,0,True
503,2613.92,5.37,100.64,26.06,0.5,68.57,0,True
504,2579.49,5.23,97.85,29.06,0.5,71.66,0,True
505,2453.99,5.28,95.95,27.67,0.5,72.58,0,True
506,2451.76,4.75,99.96,25.72,0.5,69.94,0,False
507,2451.06,5.19,96.34,25.65,0.5,70.43,0,True
508,2442.33,5.26,93.33,27.86,0.5,73.69,0,True
509,2444.11,5.44,97.05,29.34,0.5,69.8,0,True
510,2415.87,5.03,94.65,26.54,0.5,68.37,0,True
511,2533.82,5.41,98.69,25.05,0.5,72.66,0,True
512,2459.19,5.27,96.86,27.7,0.5,69.0,0,True
513,2477.99,5.37,95.19,28.1,0.5,71.37,0,True
514,2613.57,5.19,95.89,27.8,0.5,71.51,0,True
515,6134.92,6.68,119.47,24.99,1.2,74.3,5000,True
516,6146.01,6.23,113.39,26.33,1.2,72.73,5300,True
517,6152.83,6.19,113.61,25.13,1.2,74.79,5600,True
518,6220.21,6.88,116.97,25.37,1.2,70.72,5900,False
519,6339.74,6.74,111.51,25.9,1.2,77.35,6200,True
520,6211.64,6.18,112.97,24.93,1.2,71.18,6500,True
521,6218.8,6.44,113.17,24.26,1.2,72.6,6800,True
522,5965.64,6.44,118.31,24.99,1.2,71.42,7100,True
523,6200.76,6.61,116.23,25.35,1.2,73.36,7400,True
524,6214.02,6.45,111.53,25.62,1.2,69.62,7700,True
525,6209.57,6.6,114.84,24.47,1.2,71.18,8000,True
526,6292.29,5.94,116.97,24.48,1.2,72.1,8300,True
527,6240.59,6.44,111.41,25.42,1.2,74.96,8600,True
528,6265.24,6.36,114.1,23.49,1.2,73.73,8900,True
529,6172.14,6.13,111.15,24.2,1.2,74.42,9200,True
530,5102.72,6.29,103.2,25.98,0.9,72.89,35000,True
531,4978.03,6.44,102.28,25.86,0.9,72.88,35000,True
532,4942.06,6.49,109.96,24.53,0.9,67.72,35000,True
533,4968.72,6.22,104.34,28.27,0.9,69.73,35000,True
534,5040.74,6.48,105.08,25.08,0.9,69.72,35000,True
535,5026.02,6.38,108.01,25.44,0.9,77.65,35000,True
536,4968.11,5.69,103.56,25.82,0.9,71.38,35000,True
537,4986.33,6.07,106.83,24.81,0.9,72.02,35000,True
538,4868.6,6.11,109.09,25.75,0.9,74.1,35000,True
539,5011.09,6.06,109.82,25.84,0.9,73.77,35000,True
540,4950.08,6.28,105.42,23.87,0.9,69.45,35000,True
541,5111.76,6.23,103.72,24.98,0.9,69.33,35000,True
542,5064.1,6.16,107.91,26.7,0.9,76.13,35000,True
543,5045.24,6.09,108.0,25.42,0.9,73.08,35000,True
544,5122.99,6.41,106.7,26.49,0.9,71.2,35000,True
545,4898.44,6.18,107.82,26.7,0.9,70.96,35000,True
546,4940.85,6.28,106.13,27.32,0.9,72.6,35000,True
547,4912.34,6.33,109.28,25.2,0.9,69.82,35000,True
548,5035.79,6.51,105.43,25.01,0.9,70.01,35000,True
549,4930.58,6.03,106.12,26.69,0.9,70.89,35000,True
550,5046.97,6.04,105.84,26.12,0.9,72.75,35000,True
551,5008.51,6.17,111.14,24.65,0.9,72.4,35000,True
552,5022.4,6.14,107.32,26.04,0.9,74.69,35000,True
553,5046.53,6.08,108.33,26.1,0.9,70.71,35000,True
554,4931.42,6.09,108.34,27.51,0.9,71.48,35000,True
555,5063.0,6.24,104.01,25.79,0.9,76.09,35000,True
556,5076.52,6.04,106.4,26.01,0.9,73.03,35000,True
557,5056.24,6.34,107.42,25.48,0.9,70.82,35000,True
558,5063.91,6.44,109.61,24.97,0.9,70.83,35000,True
559,4981.82,6.22,106.58,24.33,0.9,69.93,35000,True
560,4270.88,5.64,102.63,26.17,0.75,71.71,20000,True
561,4160.68,5.79,105.75,26.66,0.75,70.61,19500,True
562,4116.02,5.89,98.32,27.8,0.75,73.58,19000,False
563,4082.94,6.02,102.49,24.74,0.75,71.21,18500,True
564,4149.97,5.92,103.99,25.86,0.75,71.6,18000,True
565,4251.83,5.54,100.48,27.61,0.75,72.7,17500,True
566,4287.7,6.41,102.05,25.54,0.75,75.09,17000,True
567,4201.96,6.28,102.53,26.14,0.75,73.15,16500,False
568,4143.09,5.95,104.6,25.59,0.75,69.06,16000,True
569,4163.8,5.69,100.82,26.39,0.75,68.73,15500,True
570,4071.82,5.85,100.49,27.07,0.75,70.26,15000,False
571,4178.16,5.63,100.84,25.23,0.75,70.27,14500,True
572,4222.15,6.03,101.18,25.68,0.75,70.45,14000,False
573,4205.96,5.96,102.54,27.72,0.75,72.05,13500,True
574,4188.5,5.68,103.37,24.69,0.75,73.23,13000,True
575,4043.67,5.62,101.93,27.6,0.75,71.28,12500,True
576,4130.43,5.82,103.79,25.41,0.75,70.64,12000,True
577,4193.38,6.0,102.68,26.71,0.75,71.73,11500,True
578,4172.01,6.22,103.49,25.58,0.75,74.83,11000,True
579,4096.68,6.08,103.51,24.9,0.75,69.95,10500,True
580,2941.79,5.37,98.4,27.78,0.6,70.18,0,True
581,2979.77,5.91,101.57,25.61,0.6,74.63,0,True
582,2991.0,5.42,96.33,27.4,0.6,68.61,0,True
583,3068.82,5.18,97.99,26.06,0.6,69.83,0,True
584,2999.58,5.62,98.77,26.39,0.6,72.56,0,True
585,2951.57,6.09,102.29,26.13,0.6,71.32,0,True
586,2934.16,5.57,96.25,26.46,0.6,72.38,0,True
587,3090.57,5.11,98.72,27.34,0.6,68.56,0,True
588,2889.37,5.32,97.42,23.7,0.6,72.03,0,True
589,2984.82,5.76,98.12,27.75,0.6,71.09,0,True
590,3083.61,5.44,100.62,27.69,0.6,70.64,0,True
591,2965.86,5.81,97.72,25.46,0.6,72.6,0,True
592,2915.08,5.44,99.64,28.26,0.6,69.12,0,True
593,2844.7,5.66,97.17,25.56,0.6,71.03,0,True
594,3057.62,5.64,100.12,25.88,0.6,74.31,0,True
595,3039.5,5.73,95.48,26.03,0.6,71.85,0,True
596,2979.03,5.08,97.65,28.11,0.6,72.49,0,True
597,2994.76,5.46,99.39,26.27,0.6,71.64,0,True
598,3030.92,5.22,97.53,27.12,0.6,71.7,0,True
599,2887.4,5.44,100.38,26.93,0.6,71.22,0,True
600,2469.59,2.94,78.23,37.75,0.5,63.59,0,False
601,2517.33,2.37,77.65,35.23,0.5,65.5,0,False
602,2568.13,1.84,80.78,36.86,0.5,60.86,0,False
603,2504.51,2.13,77.25,35.74,0.5,68.12,0,False
604,2401.23,2.3,79.0,37.32,0.5,66.97,0,True
605,2457.06,2.26,78.69,36.53,0.5,63.98,0,False
606,2456.83,2.92,77.44,36.88,0.5,65.63,0,False
607,2420.22,2.15,76.07,38.08,0.5,64.37,0,False
608,2450.75,2.61,77.91,36.28,0.5,64.18,0,True
609,2420.96,2.77,80.89,35.26,0.5,63.3,0,False
610,2460.94,2.39,77.01,37.5,0.5,62.66,0,False
611,2549.76,2.33,80.77,35.52,0.5,62.34,0,False
612,2498.88,2.57,76.16,38.68,0.5,63.6,0,False
613,2438.49,2.33,75.67,37.85,0.5,61.39,0,False
614,2523.01,2.41,77.95,35.46,0.5,63.81,0,False
615,6314.13,3.82,95.57,33.97,1.2,66.1,5000,False
616,6215.15,3.36,95.69,33.78,1.2,66.39,5300,False
617,6329.59,3.57,94.94,33.16,1.2,66.93,5600,False
618,6168.93,3.48,94.55,35.79,1.2,66.23,5900,True
619,6203.97,3.62,95.37,34.38,1.2,65.51,6200,False
620,6291.16,3.68,94.48,34.69,1.2,68.48,6500,False
621,6186.07,3.8,97.35,34.89,1.2,69.23,6800,False
622,6079.98,3.89,93.82,33.72,1.2,69.89,7100,False
623,6185.05,3.36,94.09,33.59,1.2,69.55,7400,False
624,6330.37,3.66,94.77,33.82,1.2,64.77,7700,False
625,6192.13,3.5,95.84,35.78,1.2,69.0,8000,False
626,6141.18,3.58,99.0,34.15,1.2,67.48,8300,False
627,6196.61,3.81,96.29,35.35,1.2,68.35,8600,False
628,6078.49,3.47,90.62,33.93,1.2,62.55,8900,False
629,6305.57,4.07,96.43,32.05,1.2,68.37,9200,False
630,4974.03,3.23,90.18,34.03,0.9,66.15,35000,False
631,5090.49,3.34,89.61,33.37,0.9,66.56,35000,False
632,5108.8,3.16,88.11,35.63,0.9,66.13,35000,False
633,4933.52,3.6,88.58,32.89,0.9,72.47,35000,False
634,5065.84,3.43,85.87,35.11,0.9,63.37,35000,False
635,4977.72,3.56,85.81,33.82,0.9,63.98,35000,False
636,5006.63,3.38,87.95,33.28,0.9,63.36,35000,False
637,5004.44,3.56,88.98,35.25,0.9,67.41,35000,True
638,5002.73,3.38,90.52,32.7,0.9,68.95,35000,False
639,5054.21,4.07,93.49,33.12,0.9,67.47,35000,False
640,4999.67,3.56,91.98,32.72,0.9,67.42,35000,False
641,5115.92,3.4,92.3,33.79,0.9,64.54,35000,False
642,5086.11,3.65,89.14,35.5,0.9,69.44,35000,False
643,4967.19,3.54,86.5,31.18,0.9,68.27,35000,False
644,5064.52,3.85,90.46,34.23,0.9,70.96,35000,False
645,5037.32,3.37,85.62,33.6,0.9,67.83,35000,False
646,5045.57,3.14,89.66,33.33,0.9,70.18,35000,False
647,5016.27,3.31,87.2,33.78,0.9,62.63,35000,False
648,4964.09,3.28,88.51,31.7,0.9,67.15,35000,False
649,5002.75,4.03,92.07,34.04,0.9,66.83,35000,True
650,5090.55,3.65,91.86,34.93,0.9,66.42,35000,False
651,4979.53,3.39,89.61,34.49,0.9,71.15,35000,False
652,4940.92,4.08,89.26,32.91,0.9,66.99,35000,False
653,4925.58,3.46,88.67,35.11,0.9,66.98,35000,False
654,4975.44,3.61,93.05,33.36,0.9,63.78,35000,False
655,4945.03,3.57,93.01,33.02,0.9,63.56,35000,False
656,5040.88,3.87,88.93,34.99,0.9,67.34,35000,False
657,4893.98,3.97,91.67,33.71,0.9,72.49,35000,True
658,4997.16,3.78,88.26,31.99,0.9,65.26,35000,False
659,4949.29,3.86,90.31,33.94,0.9,68.88,35000,False
660,4221.52,4.01,86.22,34.67,0.75,71.47,20000,True
661,4025.54,3.3,87.71,34.04,0.75,62.98,19500,True
662,4269.61,3.62,89.34,34.65,0.75,65.29,19000,False
663,4194.35,3.86,89.0,33.15,0.75,66.49,18500,False
664,4210.21,3.45,89.41,33.85,0.75,65.09,18000,False
665,4266.28,3.6,88.97,34.22,0.75,68.21,17500,False
666,4234.11,3.73,90.56,32.54,0.75,66.37,17000,False
667,4194.98,4.1,87.76,33.27,0.75,66.94,16500,False
668,4214.03,3.48,89.82,33.37,0.75,66.81,16000,False
669,4216.11,3.99,90.94,32.29,0.75,69.83,15500,False
670,4224.53,3.95,87.1,33.5,0.75,67.64,15000,False
671,4267.71,3.86,90.87,32.72,0.75,64.69,14500,False
672,4176.16,3.66,89.98,34.32,0.75,68.5,14000,True
673,4058.34,3.77,86.52,32.6,0.75,66.56,13500,True
674,4280.48,3.8,89.77,32.44,0.75,66.52,13000,False
675,4269.51,4.14,90.77,34.54,0.75,69.31,12500,False
676,4159.4,3.86,87.07,32.13,0.75,65.43,12000,True
677,4232.6,4.12,93.21,33.59,0.75,70.19,11500,False
678,4167.72,3.85,91.09,32.75,0.75,67.86,11000,True
679,4167.7,3.65,88.61,33.65,0.75,67.28,10500,True
680,3025.24,3.14,84.87,33.86,0.6,67.23,0,False
681,2947.02,2.97,85.11,33.37,0.6,65.86,0,False
682,2942.47,3.53,83.52,32.9,0.6,68.06,0,True
683,2982.34,3.6,86.22,33.19,0.6,67.97,0,False
684,2964.65,3.83,84.55,32.64,0.6,65.37,0,True
685,3032.5,3.21,89.21,34.91,0.6,67.26,0,False
686,2916.73,3.75,88.15,32.78,0.6,69.93,0,False
687,3015.28,3.86,88.9,31.75,0.6,69.3,0,False
688,3013.0,3.95,86.22,31.42,0.6,64.46,0,False
689,2884.0,3.52,87.19,31.85,0.6,68.73,0,True
690,3024.63,3.37,86.57,33.56,0.6,69.63,0,True
691,2914.43,3.28,88.53,34.26,0.6,63.35,0,True
692,3047.51,3.47,86.09,31.74,0.6,67.39,0,False
693,3004.67,3.73,86.54,32.03,0.6,65.76,0,True
694,3048.54,3.61,86.26,31.82,0.6,67.28,0,False
695,3006.25,3.64,86.85,33.16,0.6,67.54,0,False
696,2988.7,3.5,90.01,32.93,0.6,69.72,0,True
697,2917.27,3.68,88.01,33.68,0.6,67.15,0,False
698,3025.31,4.16,90.44,30.81,0.6,66.0,0,True
699,3109.9,3.61,86.45,31.37,0.6,69.51,0,False
700,2572.1,3.32,84.49,34.77,0.5,66.15,0,False
701,2500.44,3.5,88.94,33.12,0.5,65.85,0,False
702,2466.64,3.53,84.24,33.6,0.5,68.25,0,False
703,2480.24,3.61,82.9,30.89,0.5,69.85,0,False
704,2399.13,4.05,80.22,31.92,0.5,67.63,0,True
705,2631.91,3.66,86.54,32.63,0.5,67.05,0,False
706,2535.17,3.48,90.38,31.97,0.5,65.15,0,False
707,2605.36,3.43,85.52,32.37,0.5,67.67,0,True
708,2457.19,3.38,86.33,33.08,0.5,64.91,0,False
709,2510.15,3.9,83.83,33.01,0.5,69.27,0,False
710,2543.07,3.45,86.94,31.24,0.5,68.7,0,True
711,2556.51,3.36,85.22,30.72,0.5,64.23,0,True
712,2547.57,3.88,87.67,31.43,0.5,66.8,0,False
713,2506.18,3.62,89.27,31.5,0.5,69.72,0,False
714,2570.35,3.93,85.82,32.4,0.5,68.99,0,False
715,6155.59,4.72,104.64,31.58,1.2,71.4,5000,True
716,6257.83,4.56,104.71,31.77,1.2,67.54,5300,False
717,6199.85,5.46,104.42,30.01,1.2,69.0,5600,True
718,6223.28,5.1,106.63,30.1,1.2,70.58,5900,True
719,6147.91,5.12,98.63,28.93,1.2,71.0,6200,False
720,6130.54,5.25,105.15,29.05,1.2,71.27,6500,True
721,6147.13,4.98,107.46,30.02,1.2,67.43,6800,True
722,6253.76,5.25,105.99,30.31,1.2,70.1,7100,True
723,6117.67,5.23,104.56,30.57,1.2,70.51,7400,False
724,6251.65,5.5,105.56,28.81,1.2,64.45,7700,True
725,6134.57,5.51,105.0,28.96,1.2,66.83,8000,True
726,6258.48,5.1,104.54,28.67,1.2,68.43,8300,True
727,6158.35,5.24,105.91,31.04,1.2,74.15,8600,True
728,6240.56,5.11,106.07,28.0,1.2,73.39,8900,True
729,6179.4,5.25,106.25,28.04,1.2,72.81,9200,True
730,5039.57,4.9,97.45,29.94,0.9,69.11,35000,False
731,5052.03,4.69,99.19,30.11,0.9,68.98,35000,True
732,5055.41,4.95,97.33,29.48,0.9,70.01,35000,True
733,5089.39,4.73,97.94,29.49,0.9,72.66,35000,True
734,5041.14,5.06,99.51,30.55,0.9,68.5,35000,False
735,4982.78,4.79,100.07,31.4,0.9,69.11,35000,False
736,5070.89,5.0,104.86,29.38,0.9,69.45,35000,True
737,5016.12,5.0,97.63,26.3,0.9,69.39,35000,False
738,5008.82,5.22,99.51,30.03,0.9,75.63,35000,True
739,5068.25,4.84,102.49,28.36,0.9,69.2,35000,False
740,4959.12,5.36,102.88,27.78,0.9,73.14,35000,False
741,5036.55,5.15,100.2,28.06,0.9,71.31,35000,True
742,4953.69,5.14,104.54,28.64,0.9,68.25,35000,True
743,4898.77,5.08,101.01,29.5,0.9,68.84,35000,False
744,4976.49,5.47,99.67,27.75,0.9,69.14,35000,True
745,5036.2,5.5,100.1,29.44,0.9,67.28,35000,False
746,4923.68,5.52,102.5,29.01,0.9,72.83,35000,False
747,5021.95,5.26,102.46,28.78,0.9,72.13,35000,True
748,5026.84,5.49,101.45,26.97,0.9,69.98,35000,True
749,4939.57,5.73,106.92,28.7,0.9,72.41,35000,True
750,5000.19,5.49,105.27,27.05,0.9,68.19,35000,False
751,5077.0,5.91,107.41,26.29,0.9,73.4,35000,True
752,4976.86,5.99,104.06,27.82,0.9,70.15,35000,True
753,5040.19,5.64,104.34,26.23,0.9,70.98,35000,True
754,4992.6,5.59,104.18,28.1,0.9,71.63,35000,True
755,4975.3,4.99,102.29,26.62,0.9,72.6,35000,True
756,4911.68,5.58,101.18,28.22,0.9,75.24,35000,True
757,5017.41,5.84,104.4,28.85,0.9,73.62,35000,True
758,5011.56,5.63,109.08,26.68,0.9,69.5,35000,True
759,4855.73,6.22,105.11,25.18,0.9,72.55,35000,True
760,4170.34,5.33,100.02,26.33,0.75,73.34,20000,True
761,4290.53,5.56,100.76,27.13,0.75,71.69,19500,True
762,4200.61,5.84,100.83,27.1,0.75,71.76,19000,True
763,4234.59,5.73,100.55,25.28,0.75,71.04,18500,True
764,4359.4,5.76,99.22,25.52,0.75,72.5,18000,True
765,4269.21,5.98,102.34,26.22,0.75,72.02,17500,True
766,4352.96,5.59,100.69,27.55,0.75,69.5,17000,True
767,4209.3,5.34,102.22,25.83,0.75,66.88,16500,True
768,4251.03,5.76,103.14,27.15,0.75,71.77,16000,True
769,4061.0,5.71,104.51,25.04,0.75,70.54,15500,True
770,4252.06,5.97,102.42,26.21,0.75,70.56,15000,True
771,4196.19,6.12,101.41,27.74,0.75,73.54,14500,True
772,4202.89,6.34,105.02,28.2,0.75,69.21,14000,True
773,4215.5,5.8,103.12,26.64,0.75,71.68,13500,True
774,4205.92,6.06,101.52,25.87,0.75,73.02,13000,True
775,4115.35,5.66,100.4,26.46,0.75,71.59,12500,True
776,4146.32,6.06,103.09,27.34,0.75,73.08,12000,False
777,4274.28,6.13,103.01,26.23,0.75,70.2,11500,True
778,4166.35,6.05,108.03,26.14,0.75,69.63,11000,True
779,4067.1,5.44,101.48,25.82,0.75,69.01,10500,True
780,3041.35,5.5,97.83,25.77,0.6,72.18,0,True
781,3040.01,5.55,98.53,27.12,0.6,71.95,0,True
782,2905.07,5.36,99.3,26.04,0.6,71.98,0,True
783,2962.64,5.75,98.35,26.79,0.6,73.9,0,True
784,2992.54,5.47,98.78,27.59,0.6,68.5,0,True
785,3025.18,5.07,99.12,26.72,0.6,68.46,0,True
786,2988.95,6.13,96.94,27.25,0.6,70.51,0,True
787,3084.25,5.39,97.22,25.45,0.6,71.29,0,True
788,3032.98,5.9,102.8,24.6,0.6,72.72,0,True
789,3013.59,5.55,101.18,26.85,0.6,69.86,0,True
790,2961.88,5.43,99.12,28.04,0.6,69.08,0,True
791,2908.66,5.38,98.03,26.86,0.6,70.45,0,True
792,3142.9,5.57,100.85,27.99,0.6,72.6,0,True
793,3003.67,5.7,97.65,25.76,0.6,72.69,0,True
794,3107.09,5.43,99.23,24.05,0.6,73.51,0,True
795,3010.16,5.96,100.26,25.86,0.6,75.26,0,True
796,3018.47,5.68,103.34,26.33,0.6,69.76,0,True
797,3010.07,5.87,99.15,26.3,0.6,72.76,0,True
798,3049.16,5.42,100.05,27.42,0.6,69.74,0,True
799,2959.49,5.39,97.57,27.21,0.6,67.32,0,True
800,2562.63,5.16,95.14,28.07,0.5,69.01,0,True
801,2523.12,5.52,95.49,27.26,0.5,72.99,0,True
802,2564.54,5.48,101.88,26.52,0.5,73.19,0,True
803,2445.34,4.8,97.92,27.58,0.5,67.43,0,True
804,2580.94,5.64,97.53,26.38,0.5,72.48,0,True
805,2413.75,4.84,95.93,28.91,0.5,70.8,0,True
806,2489.57,5.4,96.07,27.16,0.5,69.16,0,True
807,2491.51,5.14,98.65,28.81,0.5,67.42,0,True
808,2467.17,5.28,96.18,28.27,0.5,68.59,0,True
809,2477.44,5.08,97.05,26.83,0.5,72.43,0,False
810,2474.11,4.92,97.14,26.2,0.5,66.21,0,True
811,2526.85,5.3,99.15,25.89,0.5,68.64,0,True
812,2474.37,5.43,95.1,26.59,0.5,69.38,0,True
813,2483.48,5.03,96.2,27.9,0.5,68.26,0,True
814,2486.26,5.61,92.3,25.99,0.5,72.04,0,True
815,6228.4,6.17,112.54,24.45,1.2,68.43,5000,True
816,6196.3,6.39,114.43,24.84,1.2,72.31,5300,True
817,6173.79,6.76,115.49,22.96,1.2,71.89,5600,True
818,6112.3,6.5,114.06,26.65,1.2,73.89,5900,False
819,6201.53,6.7,113.15,25.46,1.2,71.26,6200,True
820,6267.38,6.49,114.25,23.77,1.2,70.82,6500,False
821,6230.17,6.25,113.49,26.98,1.2,70.25,6800,True
822,6208.23,6.84,114.5,23.32,1.2,74.6,7100,True
823,6179.96,6.36,114.32,23.94,1.2,69.57,7400,True
824,6242.75,6.63,114.38,24.08,1.2,75.08,7700,True
825,6167.36,6.39,115.37,25.68,1.2,71.23,8000,True
826,6169.4,6.31,110.25,24.4,1.2,66.48,8300,True
827,6262.24,5.99,113.86,23.34,1.2,71.13,8600,True
828,6208.56,6.67,113.51,25.16,1.2,68.14,8900,False
829,6157.96,6.31,112.8,24.38,1.2,70.38,9200,True
830,4919.01,6.64,110.24,26.84,0.9,73.08,35000,True
831,4971.06,6.43,103.88,25.55,0.9,71.14,35000,True
832,4997.8,6.16,108.02,27.29,0.9,74.24,35000,True
833,4965.03,6.01,106.87,25.17,0.9,72.79,35000,True
834,4989.81,6.32,109.97,23.57,0.9,75.0,35000,False
835,5062.17,6.16,107.76,24.33,0.9,74.25,35000,True
836,4975.34,5.81,108.74,25.56,0.9,70.36,35000,True
837,5008.7,6.07,109.86,26.21,0.9,73.37,35000,True
838,5009.92,6.24,103.94,25.99,0.9,71.23,35000,True
839,4894.52,5.94,105.13,27.5,0.9,73.59,35000,True
840,5071.73,6.3,103.66,25.28,0.9,71.23,35000,True
841,5073.44,6.0,105.36,25.08,0.9,73.72,35000,True
842,5067.12,6.13,106.73,25.06,0.9,72.93,35000,True
843,5097.09,6.52,107.62,25.12,0.9,73.03,35000,False
844,4936.66,6.31,105.99,24.07,0.9,69.94,35000,True
845,5128.14,5.63,110.1,26.83,0.9,72.56,35000,True
846,4941.63,6.51,107.51,24.96,0.9,75.13,35000,True
847,4997.84,5.39,103.02,25.91,0.9,70.24,35000,True
848,5001.89,6.06,108.08,26.04,0.9,71.25,35000,True
849,5005.58,5.89,105.74,27.68,0.9,69.61,35000,True
850,4919.11,6.35,106.73,27.74,0.9,71.02,35000,True
851,5073.02,6.13,111.08,24.18,0.9,74.16,35000,True
852,4954.77,6.44,107.47,26.02,0.9,70.0,35000,True
853,5041.21,6.1,107.67,27.32,0.9,70.96,35000,True
854,4923.74,6.19,105.94,25.29,0.9,74.09,35000,True
855,5009.07,6.41,106.24,24.92,0.9,72.76,35000,True
856,5023.42,6.67,106.39,25.24,0.9,73.25,35000,True
857,4925.0,6.42,109.68,26.05,0.9,71.9,35000,True
858,5009.08,6.1,107.3,24.24,0.9,74.86,35000,True
859,5034.91,6.31,106.06,25.77,0.9,75.27,35000,True
860,4253.24,6.36,99.46,24.93,0.75,74.87,20000,True
861,4270.86,5.85,99.59,26.04,0.75,68.46,19500,True
862,4296.49,5.99,101.61,26.14,0.75,70.58,19000,True
863,4246.12,5.8,105.72,25.42,0.75,73.06,18500,True
864,4078.88,6.15,105.62,28.22,0.75,74.88,18000,True
865,3952.28,5.85,100.78,26.0,0.75,72.71,17500,True
866,4129.52,5.73,103.05,25.41,0.75,68.03,17000,True
867,4103.98,5.68,101.88,24.97,0.75,71.42,16500,True
868,4319.77,5.8,104.0,25.77,0.75,72.87,16000,False
869,4177.96,5.89,102.63,25.56,0.75,71.62,15500,True
870,4175.98,5.99,98.78,27.0,0.75,74.53,15000,True
871,4181.5,5.96,99.34,26.28,0.75,71.23,14500,True
872,4227.62,5.85,102.1,26.53,0.75,71.14,14000,True
873,4244.94,5.82,99.7,26.72,0.75,69.58,13500,True
874,4168.64,5.55,100.52,25.04,0.75,71.3,13000,True
875,4223.34,6.09,102.19,26.36,0.75,71.51,12500,True
876,4156.03,5.57,103.15,26.67,0.75,77.33,12000,True
877,4219.61,6.1,103.93,24.91,0.75,72.14,11500,False
878,4196.83,5.67,100.48,26.49,0.75,68.03,11000,True
879,4164.14,5.72,104.88,24.25,0.75,71.95,10500,True
880,3006.43,5.11,98.56,29.43,0.6,69.44,0,True
881,3011.01,5.65,97.63,25.19,0.6,72.04,0,True
882,3001.75,5.71,100.6,25.33,0.6,72.78,0,True
883,3003.08,4.9,104.83,26.27,0.6,66.41,0,True
884,3017.85,5.5,99.48,26.01,0.6,68.5,0,True
885,3010.11,5.68,99.96,28.51,0.6,67.01,0,True
886,2861.75,5.13,98.48,26.93,0.6,70.85,0,True
887,3040.35,5.58,97.31,26.65,0.6,69.52,0,True
888,2951.11,5.94,99.55,27.2,0.6,70.59,0,False
889,2983.22,5.26,102.92,24.84,0.6,71.1,0,True
890,2933.81,5.65,100.84,28.37,0.6,67.86,0,True
891,2927.83,5.94,96.29,24.98,0.6,71.18,0,True
892,3175.64,5.34,97.21,27.23,0.6,68.86,0,True
893,3094.34,5.47,97.62,27.68,0.6,68.42,0,True
894,2979.91,5.45,95.61,26.82,0.6,69.41,0,True
895,2944.38,5.79,96.48,27.09,0.6,75.11,0,True
896,2950.96,5.07,99.84,26.15,0.6,72.1,0,False
897,3016.49,5.38,96.42,26.46,0.6,67.39,0,True
898,2986.34,5.77,100.63,26.22,0.6,73.92,0,True
899,3094.33,5.61,94.2,28.69,0.6,71.15,0,True
900,2492.4,2.28,79.62,35.4,0.5,59.44,0,False
901,2495.11,2.45,77.7,36.38,0.5,65.09,0,False
902,2539.89,2.25,73.75,36.99,0.5,65.51,0,False
903,2599.54,2.1,77.83,36.38,0.5,65.42,0,False
904,2533.62,2.41,77.83,35.6,0.5,63.68,0,False
905,2542.29,2.21,77.18,39.39,0.5,64.98,0,False
906,2561.35,2.88,74.34,37.21,0.5,65.05,0,False
907,2489.87,2.33,79.98,37.47,0.5,66.01,0,False
908,2416.66,2.34,74.51,35.85,0.5,66.08,0,False
909,2473.62,2.08,80.97,38.71,0.5,62.97,0,False
910,2501.74,2.48,74.75,37.3,0.5,63.43,0,False
911,2516.3,2.24,77.28,35.34,0.5,64.77,0,False
912,2582.67,2.61,78.75,37.71,0.5,65.42,0,False
913,2448.18,2.75,77.83,37.0,0.5,67.01,0,False
914,2450.08,2.25,78.54,37.14,0.5,62.44,0,False
915,6244.75,3.33,93.68,32.96,1.2,65.49,5000,False
916,6291.21,3.87,93.34,34.21,1.2,65.39,5300,False
917,6218.1,3.65,96.61,35.29,1.2,67.04,5600,False
918,6399.37,3.61,94.5,34.08,1.2,66.12,5900,True
919,6212.29,3.11,93.67,33.64,1.2,65.19,6200,False
920,6085.85,3.37,95.25,34.5,1.2,67.91,6500,False
921,6258.27,4.12,94.6,33.97,1.2,68.47,6800,False
922,6200.16,3.81,98.27,32.96,1.2,69.13,7100,False
923,6231.21,3.66,97.25,36.04,1.2,72.89,7400,False
924,6203.95,3.39,96.77,34.2,1.2,68.31,7700,False
925,6266.08,3.78,94.71,34.87,1.2,67.85,8000,False
926,6336.59,3.87,93.92,35.45,1.2,66.85,8300,True
927,6188.59,4.04,96.0,32.83,1.2,66.77,8600,False
928,6221.14,3.77,95.55,34.33,1.2,68.95,8900,False
929,6190.21,3.73,97.14,34.66,1.2,65.27,9200,False
930,4931.99,3.19,89.02,33.02,0.9,64.03,35000,False
931,5021.29,3.43,86.51,34.08,0.9,67.63,35000,False
932,5049.34,3.46,86.83,33.56,0.9,66.51,35000,False
933,4953.66,3.53,85.72,33.93,0.9,66.55,35000,False
934,5112.12,3.1,88.76,33.46,0.9,66.25,35000,False
935,5001.3,3.33,84.51,35.99,0.9,71.08,35000,False
936,5113.53,3.3,87.11,34.0,0.9,65.16,35000,False
937,4979.32,3.55,88.09,33.09,0.9,66.35,35000,False
938,5008.61,3.08,90.8,32.75,0.9,65.44,35000,False
939,5102.67,2.98,90.57,33.14,0.9,65.16,35000,False
940,4990.58,3.2,86.81,35.96,0.9,66.79,35000,False
941,5063.18,3.44,91.96,35.51,0.9,67.65,35000,False
942,5064.98,3.48,87.27,32.45,0.9,63.37,35000,False
943,4905.0,3.71,86.57,33.03,0.9,64.67,35000,True
944,5137.51,3.94,93.35,33.03,0.9,72.19,35000,False
945,4888.31,3.61,88.7,32.59,0.9,65.38,35000,False
946,5000.73,3.41,87.41,31.27,0.9,67.75,35000,False
947,5047.4,3.8,90.28,33.38,0.9,65.84,35000,False
948,5017.47,3.82,89.26,34.04,0.9,69.68,35000,True
949,4857.88,3.24,91.67,35.77,0.9,64.36,35000,False
950,4963.71,3.7,91.18,35.36,0.9,64.95,35000,False
951,4949.6,3.86,86.68,31.68,0.9,66.91,35000,False
952,4939.79,3.66,89.72,34.0,0.9,67.63,35000,True
953,4961.58,3.71,94.55,33.53,0.9,67.95,35000,True
954,4978.26,4.24,92.06,32.99,0.9,68.32,35000,False
955,4972.63,3.76,88.59,33.75,0.9,69.34,35000,False
956,5006.81,3.45,91.14,34.31,0.9,68.23,35000,False
957,4938.74,3.84,92.2,35.05,0.9,67.22,35000,False
958,4928.55,3.5,92.32,33.22,0.9,65.26,35000,False
959,4959.21,3.57,91.67,32.91,0.9,67.71,35000,False
960,4063.69,3.64,89.35,32.85,0.75,71.43,20000,False
961,4144.96,3.85,87.19,33.06,0.75,72.11,19500,False
962,4286.34,3.17,87.57,33.36,0.75,68.73,19000,False
963,4175.9,3.79,86.6,32.5,0.75,69.01,18500,True
964,4191.98,3.42,87.94,34.67,0.75,65.98,18000,True
965,4326.53,3.74,89.8,32.04,0.75,65.41,17500,False
966,4394.6,3.62,85.87,33.31,0.75,66.04,17000,False
967,4062.52,3.38,91.19,34.51,0.75,67.77,16500,False
968,4297.32,3.12,91.7,33.41,0.75,65.51,16000,True
969,4167.79,3.62,89.01,35.62,0.75,64.47,15500,False
970,4263.46,3.57,88.45,32.14,0.75,69.65,15000,False
971,4223.59,3.74,85.86,35.13,0.75,67.41,14500,False
972,4064.07,3.35,88.47,35.11,0.75,68.65,14000,False
973,4135.3,3.7,84.9,32.46,0.75,67.98,13500,False
974,4174.4,3.75,89.66,33.38,0.75,70.46,13000,True
975,4127.73,3.79,88.83,32.6,0.75,66.85,12500,False
976,4110.09,3.6,91.77,33.76,0.75,67.66,12000,False
977,4084.57,3.45,90.05,31.75,0.75,63.57,11500,False
978,4155.99,3.58,83.75,32.98,0.75,65.91,11000,True
979,4328.05,4.13,88.95,34.04,0.75,65.46,10500,False
980,3047.05,3.25,83.62,32.9,0.6,66.57,0,False
981,3044.14,3.11,82.24,32.93,0.6,63.74,0,False
982,2929.08,3.52,87.59,33.26,0.6,70.06,0,False
983,2932.11,3.28,85.38,33.03,0.6,65.87,0,False
984,3002.25,4.12,85.15,33.61,0.6,65.97,0,False
985,2937.93,3.58,85.29,31.2,0.6,68.68,0,True
986,3042.19,3.8,90.95,33.0,0.6,65.89,0,False
987,3011.48,3.75,87.12,33.65,0.6,65.94,0,False
988,2996.01,3.18,85.41,33.8,0.6,67.96,0,False
989,3010.53,3.92,83.68,32.68,0.6,69.05,0,False
990,3076.11,3.65,87.28,32.35,0.6,69.91,0,False
991,2905.23,4.1,87.56,33.08,0.6,71.6,0,False
992,2979.11,3.73,86.32,31.23,0.6,67.06,0,True
993,3070.03,3.55,87.56,32.47,0.6,67.5,0,True
994,3034.74,3.49,87.56,32.95,0.6,67.95,0,True
995,3033.08,3.44,85.66,31.94,0.6,63.28,0,False
996,2894.94,3.14,86.46,34.36,0.6,67.76,0,False
997,2975.66,3.57,84.7,31.77,0.6,68.44,0,False
998,2993.51,3.89,89.22,33.18,0.6,70.63,0,False
999,2979.69,3.33,81.1,33.24,0.6,67.69,0,False
